Problem	CX_07	CX_08	CX_09
FS_CGA	0.5871022939682007	0.16106045246124268	0.04055678844451904
