Problem	CX_07	CX_08	CX_09
FS_CGA	-0.5536434958374731	-0.5473273322141903	-0.5484253485902224
