Problem	CX_07	CX_08	CX_09
FS_CGA	139.60402047634125	138.79242646694183	137.7657574415207
