Problem	CX_07	CX_08	CX_09
FS_CGA	0.003353966694825957	0.012286370953040082	0.003528993125812805
