Problem	CX_07	CX_08	CX_09
FS_CGA	0.8302880266301852	0.22777387623263654	0.05735596026453525
