Problem	CX_07	CX_08	CX_09
FS_CGA	207.02656257152557	208.64202308654785	206.07608485221863
