Problem	CX_07	CX_08	CX_09
FS_CGA	0.8237255937296449	1.6087937608303198	0.125874766238302
