Problem	CX_07	CX_08	CX_09
FS_CGA	0.5719813108444498	0.9560905694961548	2.061780214309721
