Problem	CX_07	CX_08	CX_09
FS_CGA	5.656854249492381	7.7781745930520225	4.242640687119285
