Problem	CX_07	CX_08	CX_09
FS_CGA	0.008808250561493303	0.011061185936132657	0.006781214352106707
