Problem	CX_07	CX_08	CX_09
FS_CGA	0.18162310123443604	0.4701721668243408	0.06526648998260587
