Problem	CX_07	CX_08	CX_09
FS_CGA	0.25685385300600105	0.6649238549733282	0.09230075530188803
