Problem	CX_07	CX_08	CX_09
FS_CGA	-0.5513605296515811	-0.5526512556099901	-0.5559131864743567
