Problem	CX_07	CX_08	CX_09
FS_CGA	0.006228373702422241	0.007821439583404755	0.004795042653054082
