Problem	CX_07	CX_08	CX_09
FS_CGA	203.59115135669708	204.87732326984406	203.418879032135
