Problem	CX_07	CX_08	CX_09
FS_CGA	-0.5449484394806262	-0.5442418376785776	-0.5404728664908014
