Problem	CX_07	CX_08	CX_09
FS_CGA	0.8089037272201318	1.3521162502384783	2.9157975417093036
