Problem	CX_07	CX_08	CX_09
FS_CGA	0.19957351684570312	0.1866316795349121	0.028382539749145508
