Problem	CX_07	CX_08	CX_09
FS_CGA	0.8917825222015381	0.8966104984283447	0.8186407089233398
