Problem	CX_07	CX_08	CX_09
FS_CGA	0.009610101753972474	0.003353966694826114	0.008559943168051937
