Problem	CX_07	CX_08	CX_09
FS_CGA	0.0005657096851554577	0.0027934324574326874	0.0012907259584089559
