Problem	CX_07	CX_08	CX_09
FS_CGA	0.840761542320223	0.522175669670105	1.8048732280731485
