Problem	CX_07	CX_08	CX_09
FS_CGA	138.04570925235748	139.77528941631317	139.44933938980103
