Problem	CX_07	CX_08	CX_09
FS_CGA	0.0008000343091125048	0.003950510066874392	0.0018253621556889568
