Problem	CX_07	CX_08	CX_09
FS_CGA	1.1890163758710104	0.7384679139887157	2.552476197505125
