Problem	CX_07	CX_08	CX_09
FS_CGA	0.002050858200006944	0.007597896467847365	0.006992360135667508
