Problem	CX_07	CX_08	CX_09
FS_CGA	0.002900351480953737	0.010745048230336535	0.009888690536858083
