Problem	CX_07	CX_08	CX_09
FS_CGA	0.006795368118126643	0.002371612593785377	0.006052793860701011
