Problem	CX_07	CX_08	CX_09
FS_CGA	-0.5480540614615095	-0.5441973003528726	-0.5405880639967111
