Problem	CX_07	CX_08	CX_09
FS_CGA	7.0710678118654755	2.8284271247461903	7.0710678118654755
