Problem	CX_07	CX_08	CX_09
FS_CGA	0.2822395742136887	0.2639370523667419	0.04013897264783504
