Problem	CX_07	CX_08	CX_09
FS_CGA	0.0031073349549488594	0.011836650793106918	0.010294117647058787
