Problem	CX_07	CX_08	CX_09
FS_CGA	0.7071067811865476	15.556349186104045	12.020815280171307
