Problem	CX_07	CX_08	CX_09
FS_CGA	0.004394435236124667	0.016739552084686055	0.01455808078913475
