Problem	CX_07	CX_08	CX_09
FS_CGA	0.006352136078659809	0.001309568673130146	0.003645208811538625
