Problem	CX_07	CX_08	CX_09
FS_CGA	-0.5472913597588132	-0.5645431498167118	-0.5388511082942204
