Problem	CX_07	CX_08	CX_09
FS_CGA	4.178434729576111	4.240131378173828	4.607562899589539
