Problem	CX_07	CX_08	CX_09
FS_CGA	0.008983276992480152	0.0018520097783997478	0.005155103738959835
