Problem	CX_07	CX_08	CX_09
FS_CGA	5.656854249492381	1.4142135623730951	3.5355339059327378
