Problem	CX_07	CX_08	CX_09
FS_CGA	0.0021480694782282095	0.0031822775703176376	0.0015425331460481306
