Problem	CX_07	CX_08	CX_09
FS_CGA	0.582461953163147	1.1375889778137491	0.08900690078738194
