Problem	CX_07	CX_08	CX_09
FS_CGA	-0.5219140772208708	-0.5118893247456233	-0.5311915447600123
