Problem	CX_07	CX_08	CX_09
FS_CGA	0.0030378289890299922	0.004500420099178904	0.0021814712955513047
