Problem	CX_07	CX_08	CX_09
FS_CGA	4.242640687119285	8.48528137423857	3.5355339059327378
