Problem	CX_07	CX_08	CX_09
FS_CGA	0.17588794231414795	0.18666601181030273	0.05301010608673096
