Problem	CX_07	CX_08	CX_09
FS_CGA	-0.5537428483332762	-0.5591130220288465	-0.5491726335263284
