Problem	CX_07	CX_08	CX_09
FS_CGA	0.8740659952163696	0.8693301677703857	0.7461687326431274
