Problem	CX_07	CX_08	CX_09
FS_CGA	0.24874311347856462	0.26398560553622646	0.07496761097069148
