Problem	CX_07	CX_08	CX_09
FS_CGA	0.27070116996765137	0.057200074195861816	0.05018091201782182
