Problem	CX_07	CX_08	CX_09
FS_CGA	4.0488176345825195	4.331330895423889	3.867321252822876
