Problem	CX_07	CX_08	CX_09
FS_CGA	-0.564019407996163	-0.5662073041214156	-0.5675554147110213
