Problem	CX_07	CX_08	CX_09
FS_CGA	0.3828292659185169	0.08089312069653509	0.07096652634785482
