Problem	CX_07	CX_08	CX_09
FS_CGA	0.002371612593785377	0.008687776217068066	0.0024953749700229455
