Problem	CX_07	CX_08	CX_09
FS_CGA	2.8284271247461903	7.7781745930520225	2.8284271247461903
